{"levit": 0.07937672304036264, "lavik": 0.08100354926509402, "leviiiiiiiiiiiiiiiiiiiiiiiiiik": 0.08657809887527027, "vriiiiiiiiiiiiiiiiiiinnnnnnnnndh": 0.0895652786675217, "vedic": 0.09638080895203369, "bael": 0.09783098510785326, "demon": 0.10404356471399831, "tenth": 0.11100858340018942, "twelve": 0.11184425774610186, "k": 0.11361135977390915, "levikar": 0.11447961957738298, "one": 0.1159307161161236, "lavi": 0.11696084423896964, "vrindha": 0.11762961868211541, "levikya": 0.11918245927324976, "vrindava": 0.11978842498733913, "nanda": 0.12078935923349313, "devam": 0.12192913822713142, "godhead": 0.12203505807732554, "rupam": 0.12495184900855522, "patim": 0.12502469288742296, "punah": 0.1287985645720932, "yoga": 0.13089855967267264, "vrindan": 0.13096081230824155, "vrindika": 0.1339638682535179, "canto": 0.13424370705720037, "three": 0.13731994017944513, "krwa": 0.13945303259218111, "hariharam": 0.13974085282856774, "hariharah": 0.14102608095388242, "bhagavad": 0.14182869040731305, "cuj": 0.14250752684098322, "india": 0.1428590484523932, "govardhana": 0.14373911907591164, "radha": 0.14450054186937833, "vigraha": 0.14527068568672336, "raja": 0.1461151895468761, "ah": 0.14841743791426387, "sriyah": 0.15233003716541194, "balarama": 0.15450661064991378, "caitanya": 0.15672647196377282, "bliss": 0.15762964428861806, "sthirah": 0.1650542298573201, "kg la": 0.1652168570175968, "vrindesh": 0.16574566796646184, "govardhana hill": 0.16734765550236932, "vedas": 0.16736463804640106, "u s a": 0.16841161285910777, "prabhupada": 0.17025888239005368, "krsna": 0.1742702948635978, "swami": 0.17574623688728053, "fifty eight": 0.17702385518304178, "gour mohon de": 0.17950696781468034, "tasya": 0.1801837520451891, "return journey": 0.18208242669196084, "divine grace": 0.18676613075287193, "hare kr": 0.187009830869689, "varapradam": 0.18879045191479793, "easy journey": 0.18975692738203415, "snmad": 0.19006099200676163, "vrndavana": 0.19413158375964773, "stutya": 0.19478838785661343, "krwa kr": 0.19630640182398165, "sa": 0.19862940602048137, "bhagavad gita": 0.20040446457826921, "rukmi j i": 0.20121508190799725, "hare kr  a": 0.20174748809914966, "a  kr  a": 0.20357072956105496, "ksonim": 0.2061829511379512, "the supreme per": 0.21039658607967043, "jnana": 0.21246638126652193, "vidyadhara liberated": 0.21313162470142732, "vatsasura": 0.21378988322137987, "sri   ia": 0.21619268965132493, "nanda maharaja": 0.21934687761195465, "nrpam": 0.21970449616839577, "godhead magazine": 0.22370888617500423, "samabhyarcya": 0.2244357611783238, "sarvatantraj": 0.2250136396585708, "thus k  l  a": 0.22597365690860582, "sends akrura": 0.22679338130897841, "abhisicya": 0.22740126443228403, "paths raja": 0.22824666803925903, "kh ia": 0.231743047565128, "george harrison": 0.23184942628191296, "wonderful kr  la": 0.2347715918152623, "jagannatha ratha": 0.23779060424081405, "kh j a": 0.24603207992529433, "krtamjalim": 0.2472852495436071, "pimchasyamalam": 0.24780486077004069, "the beautiful story": 0.25060867136208936, "app e  everybody": 0.25472356590053324, "sribhagavanuvaca": 0.2548447795510729, "srila vyasadeva": 0.25596189189057095, "swami prabhupada": 0.2614655990141359, "the nectar of devotion": 0.26574728579694684, "visnurgopamganavrtah": 0.28215288925514886, "a  c  bhaktivedanta": 0.2856296041834705, "a c  bhaktivedanta": 0.2871046607724491, "snmad bhiiguvatam": 0.28905058026715724, "srimad bhiigavatam": 0.28920735294897404, "sri isopan": 0.2956063174494952, "the personality of godhead": 0.29779635412042826, "raksatyambudhimekhalam": 0.2980059861066838, "samastaudvedaveditam": 0.30245095975637903, "snmad bhiigavatam": 0.3047998335705953, "allah buddha jehova rama": 0.32472626646190683, "pimchottamsamadarsayat": 0.3259508917031766, "kh j a erects": 0.3307006571788891, "krpavarsairabhasata": 0.3456267786698187, "performed sacrifices": 0.3473334560094117, "hrstasayah": 0.35189351647501854, "svatmavinyastacittam": 0.3648764160359619, "a c  bhaktivedanta swami": 0.38417198336483327, "the supreme personality of godhead": 0.40337743601536413, "srimadrukmimahipalavamsaraksamanih": 0.5219522926685609}