{"levik": {"a  c  bhaktivedanta": 28697.448521226645, "a  kr  a": 20390.30469299853, "a c  bhaktivedanta swami": 39925.32563856244, "a c  bhaktivedanta": 28804.459730520844, "abhisicya": 24225.12210828066, "ah": 14075.99423712492, "allah buddha jehova rama": 31389.037834510207, "app e  everybody": 26522.60121402517, "bael": 10059.599665477872, "balarama": 15402.82389373891, "bhagavad gita": 18828.200692147017, "bhagavad": 12664.62615281716, "bliss": 16650.45794145763, "caitanya": 15645.340456102043, "canto": 13616.664403110743, "cuj": 13903.099767006934, "demon": 9974.117621392012, "devam": 12338.570868082345, "divine grace": 18377.302630871534, "easy journey": 20038.47211743146, "fifty eight": 17932.248453207314, "george harrison": 23938.79418975115, "godhead magazine": 22687.47028452903, "godhead": 12004.924099057913, "gour mohon de": 18807.460082359612, "govardhana hill": 17736.87262533605, "govardhana": 14991.889778390527, "hare kr  a": 19364.807270288467, "hare kr": 17851.760709136724, "hariharah": 13755.618309251964, "hariharam": 14203.652789250016, "hrstasayah": 35700.50009167008, "india": 14729.990642391145, "jagannatha ratha": 22043.220560461283, "jnana": 23159.437168747187, "k": 12318.990461021662, "kg la": 16141.19126829505, "kh ia": 23595.687588568777, "kh j a erects": 34031.367744103074, "kh j a": 26471.66947202757, "krpavarsairabhasata": 33064.16932081245, "krsna": 18033.792764388025, "krtamjalim": 24247.135258466005, "krwa kr": 18604.73716068268, "krwa": 13218.610884286463, "ksonim": 20683.388139925897, "lavi": 11583.20089225471, "lavik": 5500.800491645932, "leviiiiiiiiiiiiiiiiiiiiiiiiiik": 6744.956096529961, "levikar": 10530.330272108316, "levikya": 10032.529608130455, "levit": 4578.449945867062, "nanda maharaja": 20383.38402734697, "nanda": 11797.205284714699, "nrpam": 22857.0306827873, "one": 12444.364928163588, "paths raja": 22107.63984064758, "patim": 13579.663253754377, "performed sacrifices": 35455.666826844215, "pimchasyamalam": 24333.07519940287, "pimchottamsamadarsayat": 32110.326580263674, "prabhupada": 16213.796932175756, "punah": 12954.232179507613, "radha": 13822.186233624816, "raja": 14484.173881657422, "raksatyambudhimekhalam": 29435.953591391444, "return journey": 18413.473256535828, "rukmi j i": 20973.25469559431, "rupam": 12567.28745020926, "sa": 19196.893179163337, "samabhyarcya": 21973.376894667745, "samastaudvedaveditam": 31034.464790403843, "sarvatantraj": 21414.11993212253, "sends akrura": 21633.140936577693, "snmad bhiigavatam": 29772.13277696073, "snmad bhiiguvatam": 28728.96380059421, "snmad": 17978.39484063536, "sri   ia": 21764.246229492128, "sri isopan": 29795.905091051012, "sribhagavanuvaca": 23979.049982704222, "srila vyasadeva": 25649.926134955138, "srimad bhiigavatam": 28986.852206915617, "srimadrukmimahipalavamsaraksamanih": 53566.503866460174, "sriyah": 15796.862933292985, "sthirah": 16295.691413357854, "stutya": 19807.56133326888, "svatmavinyastacittam": 36077.549507692456, "swami prabhupada": 25824.96287816763, "swami": 18371.702789880335, "tasya": 18181.598583905026, "tenth": 11265.349099889398, "the beautiful story": 26182.58101926744, "the nectar of devotion": 26931.866322487593, "the personality of godhead": 29654.661785569042, "the supreme per": 22572.645347565413, "the supreme personality of godhead": 41082.1957905069, "three": 15104.066579550505, "thus k  l  a": 23058.059748001397, "twelve": 10880.986256346107, "u s a": 17482.214957892895, "varapradam": 18964.13867047429, "vatsasura": 21384.496247075498, "vedas": 16955.19198833406, "vedic": 10077.2303442806, "vidyadhara liberated": 20689.48129592091, "vigraha": 14440.083025779575, "visnurgopamganavrtah": 27194.960933580995, "vriiiiiiiiiiiiiiiiiiinnnnnnnnndh": 11076.934411406517, "vrindan": 13783.22293304652, "vrindava": 12727.440259292722, "vrindesh": 18401.41683144495, "vrindha": 13273.165503665805, "vrindika": 13804.51480729878, "vrndavana": 18427.90728803724, "wonderful kr  la": 23262.76466279477, "yoga": 13194.012964829803}, "vrindh": {"a  c  bhaktivedanta": 29428.5205713436, "a  kr  a": 21038.705697350204, "a c  bhaktivedanta swami": 38209.17468611896, "a c  bhaktivedanta": 29623.080482505262, "abhisicya": 22004.63078992814, "ah": 16155.441457338631, "allah buddha jehova rama": 34735.036598958075, "app e  everybody": 25282.43650540337, "bael": 9841.317502327263, "balarama": 16043.542803054675, "bhagavad gita": 21998.6124580577, "bhagavad": 16251.377972256392, "bliss": 15399.81426165253, "caitanya": 16252.11061212793, "canto": 13697.719045199454, "cuj": 15111.404114112258, "demon": 11215.107730962336, "devam": 12471.166411861777, "divine grace": 19642.94883892685, "easy journey": 18544.315393179655, "fifty eight": 18087.356421217322, "george harrison": 23221.004324622452, "godhead magazine": 22830.401679188013, "godhead": 12838.031178303063, "gour mohon de": 17696.263832181692, "govardhana hill": 16287.29892436415, "govardhana": 14240.55238019675, "hare kr  a": 21721.70568240434, "hare kr": 20236.71682588011, "hariharah": 14957.363452151418, "hariharam": 14228.231444858015, "hrstasayah": 35898.55224069022, "india": 14329.232842311263, "jagannatha ratha": 26410.05081255734, "jnana": 20016.318425543606, "k": 10770.422055862844, "kg la": 17496.1634754017, "kh ia": 23553.72379905358, "kh j a erects": 33239.324633575976, "kh j a": 23536.783677060157, "krpavarsairabhasata": 37327.573831232265, "krsna": 17412.647401675582, "krtamjalim": 26095.96336710453, "krwa kr": 21381.737329535186, "krwa": 15187.091416046023, "ksonim": 21276.174821078777, "lavi": 12224.161684043705, "lavik": 11072.874520383775, "leviiiiiiiiiiiiiiiiiiiiiiiiiik": 10939.972616530955, "levikar": 12799.322300307453, "levikya": 14287.026529423892, "levit": 11689.872657634318, "nanda maharaja": 24310.021158017218, "nanda": 12795.045672617853, "nrpam": 21826.569814108312, "one": 11120.686282083392, "paths raja": 24368.763289622962, "patim": 11828.515607140958, "performed sacrifices": 35208.181238137186, "pimchasyamalam": 26114.622153550386, "pimchottamsamadarsayat": 34242.694161847234, "prabhupada": 18464.317330621183, "punah": 13255.965959481895, "radha": 15607.423012442887, "raja": 15257.088071212173, "raksatyambudhimekhalam": 31225.730284295976, "return journey": 18636.472160100937, "rukmi j i": 19948.612835623324, "rupam": 12860.115079410374, "sa": 21250.161991603673, "samabhyarcya": 23719.07972665876, "samastaudvedaveditam": 30492.75391691178, "sarvatantraj": 24416.847989693284, "sends akrura": 24558.64443662949, "snmad bhiigavatam": 32283.84211052209, "snmad bhiiguvatam": 30103.753958962858, "snmad": 20737.092620939016, "sri   ia": 22229.764085277915, "sri isopan": 30357.08210482821, "sribhagavanuvaca": 27937.23319414258, "srila vyasadeva": 26440.890033271164, "srimad bhiigavatam": 29869.56629741937, "srimadrukmimahipalavamsaraksamanih": 52613.28936109319, "sriyah": 15185.81178470701, "sthirah": 17302.781121261418, "stutya": 19824.081743486226, "svatmavinyastacittam": 38194.953735895455, "swami prabhupada": 27398.666994921863, "swami": 17368.669729709625, "tasya": 18483.357009639964, "tenth": 11321.229893319309, "the beautiful story": 24782.58395703882, "the nectar of devotion": 27140.16733788699, "the personality of godhead": 30956.239235337824, "the supreme per": 20194.738000668585, "the supreme personality of godhead": 40986.814047038555, "three": 12796.416698850691, "thus k  l  a": 22915.84994110465, "twelve": 11891.518489770591, "u s a": 16770.721274890006, "varapradam": 19455.074754573405, "vatsasura": 22125.226421028376, "vedas": 17098.9736771062, "vedic": 9523.041193656623, "vidyadhara liberated": 22707.588986560702, "vigraha": 15127.940675977618, "visnurgopamganavrtah": 30262.55776721984, "vriiiiiiiiiiiiiiiiiiinnnnnnnnndh": 7079.305227197707, "vrindan": 12846.271553575993, "vrindava": 11626.199825577438, "vrindesh": 15268.783636320382, "vrindha": 10615.320168934762, "vrindika": 13445.605004273355, "vrndavana": 21114.57728063315, "wonderful kr  la": 24524.545142591,